,label,label_percentage,prediction,pred_percentage
1.mp3,female_south,2.34%,female_north,94.80%
6.wav,female_south,4.87%,female_central,94.75%
7.mp3,female_south,0.21%,female_north,99.55%
9.amr,female_south,0.29%,female_north,99.63%
16.mp3,female_south,0.00%,female_north,99.98%
18.mp3,female_south,42.48%,female_north,56.69%
20.wav,female_south,0.39%,male_south,99.38%
21.mp3,female_south,0.08%,female_north,99.86%
25.amr,female_south,13.46%,female_north,82.96%
26.mp3,female_south,14.51%,female_north,85.15%
30.mp3,female_south,32.23%,female_north,58.49%
37.amr,female_south,12.52%,female_north,87.19%
38.mp3,female_south,0.01%,female_north,99.97%
40.amr,female_south,1.66%,female_north,97.09%
41.mp3,female_south,1.74%,female_north,97.93%
50.mp3,female_south,0.15%,female_north,99.79%
54.mp3,female_south,0.54%,male_north,94.09%
57.mp3,female_south,7.00%,female_north,92.24%
58.mp3,female_south,9.04%,female_north,90.57%
60.wav,female_south,2.17%,female_central,94.79%
71.mp3,female_south,0.04%,female_north,99.87%
73.mp3,female_south,0.08%,female_north,99.73%
74.mp3,female_south,44.37%,female_north,54.90%
77.mp3,female_south,20.93%,female_north,63.91%
79.mp3,female_south,5.77%,female_north,93.76%
82.wav,female_south,13.25%,male_central,59.28%
86.amr,female_south,20.43%,male_south,65.64%
88.mp3,female_south,2.49%,female_north,96.97%
89.wav,female_south,2.53%,male_central,71.47%
90.mp3,female_south,9.15%,female_north,90.34%
102.wav,female_south,16.85%,male_central,55.54%
105.amr,female_south,0.56%,female_north,73.80%
109.mp3,female_south,15.06%,female_north,82.47%
111.mp3,female_south,31.39%,male_north,63.62%
113.mp3,female_south,2.74%,female_north,96.31%
117.mp3,female_south,45.82%,female_north,53.49%
122.mp3,female_south,0.04%,female_north,99.77%
123.mp3,female_south,0.26%,female_north,99.57%
124.wav,female_south,3.50%,female_central,87.46%
125.mp3,female_south,0.56%,female_north,94.52%
128.mp3,female_south,2.36%,female_north,95.28%
129.mp3,female_south,0.01%,female_north,99.96%
130.wav,female_south,8.46%,female_north,86.59%
131.mp3,female_south,18.20%,female_north,81.39%
134.mp3,female_south,0.80%,female_north,99.09%
135.amr,female_south,28.48%,female_north,70.38%
137.mp3,female_south,1.55%,male_north,93.82%
142.mp3,female_south,1.88%,female_north,76.87%
143.wav,female_south,9.52%,female_central,89.53%
149.mp3,female_south,35.99%,male_south,58.09%
151.mp3,female_south,0.97%,female_north,98.39%
155.mp3,female_south,10.56%,male_south,72.90%
156.mp3,female_south,1.23%,female_north,71.72%
157.amr,female_south,15.05%,male_south,65.45%
159.mp3,female_south,0.57%,female_north,95.38%
160.mp3,female_south,43.26%,female_north,56.13%
167.mp3,female_south,0.03%,female_north,99.93%
184.mp3,female_south,7.54%,female_north,91.88%
188.mp3,female_south,0.78%,female_north,99.13%
189.mp3,female_south,2.01%,female_north,95.21%
195.mp3,female_south,0.15%,female_north,99.66%
196.mp3,female_south,10.43%,female_north,87.57%
200.mp3,female_south,0.15%,female_north,99.79%
201.amr,female_south,25.84%,female_north,73.91%
203.mp3,female_south,6.52%,female_north,93.10%
204.mp3,female_south,0.19%,female_central,99.71%
207.amr,female_south,0.01%,female_north,99.98%
208.amr,female_south,43.05%,female_north,55.88%
210.mp3,female_south,0.06%,female_north,99.83%
216.mp3,female_south,0.06%,female_north,99.90%
226.amr,female_south,1.37%,female_north,98.20%
233.mp3,female_south,0.20%,female_north,99.31%
237.mp3,female_south,36.21%,female_north,63.30%
245.mp3,female_south,0.36%,male_north,99.39%
249.mp3,female_south,0.04%,female_north,99.86%
250.mp3,female_south,0.77%,male_north,93.83%
263.mp3,female_south,1.34%,female_north,91.81%
264.wav,female_south,0.19%,female_north,99.38%
269.mp3,female_south,0.04%,female_north,99.91%
278.mp3,female_south,1.05%,female_north,98.27%
279.amr,female_south,36.34%,female_north,60.76%
283.mp3,female_south,5.91%,female_north,90.21%
289.mp3,female_south,34.59%,female_north,65.08%
291.amr,female_south,18.26%,female_north,81.16%
296.mp3,female_south,19.91%,female_north,69.88%
300.mp3,female_south,0.31%,female_north,99.29%
302.wav,female_south,0.09%,female_central,99.40%
306.mp3,female_south,0.12%,female_north,99.84%
307.wav,female_south,0.34%,female_central,99.39%
310.amr,female_south,9.83%,female_north,87.04%
312.mp3,female_south,0.88%,female_north,96.96%
316.mp3,female_south,12.68%,female_north,67.61%
326.mp3,female_south,1.14%,female_north,98.49%
330.wav,female_south,3.99%,female_central,88.90%
334.mp3,female_south,43.23%,female_north,54.94%
335.mp3,female_south,13.71%,female_north,85.35%
339.amr,female_south,0.40%,female_north,74.09%
340.mp3,female_south,43.58%,female_north,55.33%
346.mp3,female_south,35.36%,female_north,63.04%
357.amr,female_south,19.36%,female_north,77.53%
361.wav,female_south,2.89%,male_north,77.16%
362.mp3,female_south,0.01%,female_north,99.97%
364.mp3,female_south,24.88%,female_north,73.11%
366.mp3,female_south,14.52%,female_north,82.52%
371.mp3,female_south,11.15%,female_north,87.78%
373.amr,female_south,8.15%,female_north,91.48%
375.mp3,female_south,19.04%,female_north,80.40%
385.mp3,female_south,3.05%,female_north,96.18%
387.mp3,female_south,1.40%,female_north,98.05%
390.mp3,female_south,3.92%,female_north,95.43%
393.mp3,female_south,35.14%,male_south,59.82%
394.amr,female_south,42.91%,female_north,54.81%
396.amr,female_south,27.45%,female_north,71.81%
398.mp3,female_south,16.53%,female_north,82.16%
402.mp3,female_south,3.96%,female_north,93.87%
403.mp3,female_south,0.42%,female_north,99.45%
405.mp3,female_south,2.77%,female_north,97.10%
408.mp3,female_south,35.63%,female_north,56.60%
416.amr,female_south,0.26%,female_north,99.69%
419.mp3,female_south,15.23%,female_north,82.47%
432.wav,female_south,14.18%,female_central,77.34%
436.mp3,female_south,6.45%,female_north,92.67%
442.mp3,female_south,9.71%,male_north,58.92%
444.mp3,female_south,0.02%,female_north,99.96%
445.wav,female_south,29.49%,female_north,68.66%
447.mp3,female_south,9.16%,female_north,89.65%
455.mp3,female_south,48.35%,female_north,48.95%
457.mp3,female_south,0.11%,female_north,98.98%
461.amr,female_south,33.10%,female_north,66.56%
465.amr,female_south,46.66%,female_north,52.09%
483.mp3,female_south,12.54%,female_north,87.06%
485.mp3,female_south,0.24%,female_north,98.58%
489.mp3,female_south,12.45%,female_north,79.09%
492.wav,female_south,34.42%,female_north,64.63%
494.mp3,female_south,2.15%,female_north,97.57%
502.mp3,female_south,0.02%,female_north,99.97%
503.mp3,female_south,12.21%,male_north,51.15%
510.mp3,female_south,0.18%,female_north,99.41%
512.mp3,female_south,0.68%,female_north,93.01%
514.mp3,female_south,4.88%,female_north,90.90%
517.mp3,female_south,0.71%,female_north,99.18%
520.mp3,female_south,15.59%,female_north,81.53%
526.mp3,female_south,4.93%,female_north,94.47%
532.wav,female_south,0.63%,male_north,81.26%
533.mp3,female_south,40.16%,male_north,51.81%
536.amr,female_south,3.86%,female_north,94.32%
539.amr,female_south,2.60%,female_north,97.07%
540.amr,female_south,0.12%,female_north,99.82%
543.wav,female_south,2.03%,female_central,93.35%
547.mp3,female_south,0.02%,female_north,99.91%
551.mp3,female_south,0.06%,female_north,99.64%
552.mp3,female_south,8.21%,female_north,52.47%
556.mp3,female_south,0.13%,female_north,99.29%
559.mp3,female_south,1.12%,female_north,98.15%
562.mp3,female_south,16.43%,female_north,82.44%
571.mp3,female_south,3.96%,female_north,95.74%
572.mp3,female_south,0.40%,female_north,99.38%
573.amr,female_south,0.88%,female_north,99.06%
584.amr,female_south,19.35%,female_north,80.04%
585.mp3,female_south,0.33%,female_north,99.38%
588.mp3,female_south,11.25%,female_north,59.29%
589.mp3,female_south,3.66%,female_north,95.92%
593.mp3,female_south,0.01%,female_north,99.95%
594.amr,female_south,3.21%,female_north,53.01%
600.amr,female_south,0.32%,male_south,92.16%
608.mp3,female_south,7.25%,female_north,92.08%
618.amr,female_south,38.88%,female_north,58.36%
624.wav,female_south,12.24%,female_central,58.23%
626.mp3,female_south,10.47%,female_north,88.95%
627.wav,female_south,30.74%,female_central,67.05%
631.mp3,female_south,4.74%,male_north,70.02%
639.mp3,female_south,48.33%,female_north,50.82%
642.mp3,female_south,0.43%,female_north,99.48%
649.wav,female_south,21.82%,female_central,62.81%
651.mp3,female_south,3.21%,male_north,75.46%
652.mp3,female_south,0.08%,female_north,99.85%
658.mp3,female_south,0.16%,male_north,99.51%
661.amr,female_south,13.17%,female_north,86.37%
662.mp3,female_south,31.57%,female_north,57.83%
664.amr,female_south,0.10%,female_north,99.62%
669.mp3,female_south,1.19%,female_north,98.43%
675.mp3,female_south,47.13%,female_north,48.16%
679.mp3,female_south,0.05%,female_north,99.89%
683.amr,female_south,8.41%,female_north,90.98%
687.mp3,female_south,0.04%,female_north,99.86%
696.amr,female_south,13.29%,female_north,86.22%
701.wav,female_south,0.92%,female_central,98.00%
708.mp3,female_south,1.05%,male_north,53.88%
717.wav,female_south,9.01%,female_central,84.26%
720.mp3,female_south,1.67%,female_north,95.49%
723.mp3,female_south,29.73%,female_north,63.73%
724.amr,female_south,35.74%,female_north,48.65%
729.mp3,female_south,0.14%,female_north,99.40%
739.wav,female_south,0.03%,female_central,99.91%
749.mp3,female_south,30.27%,female_north,67.15%
756.mp3,female_south,12.49%,female_north,86.86%
774.mp3,female_south,19.91%,male_south,56.64%
775.mp3,female_south,4.23%,female_north,95.49%
778.mp3,female_south,1.17%,female_north,98.54%
783.mp3,female_south,8.96%,female_north,90.77%
788.wav,female_south,0.07%,female_central,97.15%
793.mp3,female_south,28.45%,female_north,69.59%
794.mp3,female_south,0.10%,female_north,99.81%
803.mp3,female_south,0.37%,female_north,99.36%
814.wav,female_south,47.83%,male_central,49.07%
818.mp3,female_south,27.32%,female_north,72.16%
821.mp3,female_south,3.66%,female_north,95.53%
831.mp3,female_south,2.42%,female_north,97.32%
832.mp3,female_south,13.97%,female_north,82.36%
833.mp3,female_south,0.08%,female_north,99.80%
835.mp3,female_south,21.90%,female_north,75.49%
838.mp3,female_south,8.71%,female_north,90.98%
839.wav,female_south,23.86%,female_north,68.76%
843.mp3,female_south,7.30%,female_north,92.41%
844.amr,female_south,2.27%,female_north,95.68%
851.mp3,female_south,0.34%,female_north,99.29%
853.amr,female_south,0.28%,female_north,99.67%
859.mp3,female_south,0.05%,female_north,99.78%
864.mp3,female_south,9.97%,female_north,89.64%
865.wav,female_south,14.60%,female_central,84.98%
868.wav,female_south,0.08%,female_central,99.83%
869.mp3,female_south,0.03%,female_north,99.70%
871.mp3,female_south,3.37%,female_north,44.84%
874.mp3,female_south,6.87%,female_north,92.41%
883.wav,female_south,6.97%,female_central,64.29%
885.mp3,female_south,20.15%,female_north,77.73%
893.mp3,female_south,2.41%,male_south,76.97%
896.mp3,female_south,3.75%,female_north,95.99%
897.mp3,female_south,1.75%,female_north,97.82%
900.mp3,female_south,9.47%,female_north,89.78%
902.mp3,female_south,13.21%,female_north,86.31%
906.mp3,female_south,8.33%,female_north,91.18%
908.wav,female_south,1.29%,male_north,95.95%
909.mp3,female_south,12.13%,female_north,86.62%
919.mp3,female_south,1.76%,female_north,92.06%
922.mp3,female_south,37.92%,female_central,50.41%
927.mp3,female_south,11.01%,female_north,80.19%
930.mp3,female_south,36.19%,female_north,43.17%
934.mp3,female_south,12.85%,female_north,86.24%
939.mp3,female_south,0.34%,female_north,99.61%
941.wav,female_south,13.97%,male_north,43.03%
955.mp3,female_south,1.72%,female_north,98.07%
957.mp3,female_south,0.02%,female_north,99.93%
967.wav,female_south,0.15%,female_central,97.26%
1001.wav,female_south,1.12%,male_south,98.54%
1027.wav,female_south,19.58%,male_north,49.47%
1029.wav,female_south,5.94%,male_south,93.42%
1031.wav,female_south,0.46%,male_south,98.11%
1036.wav,female_south,19.82%,female_north,69.17%
1037.wav,female_south,0.41%,female_north,99.55%
1038.wav,female_south,23.16%,female_central,76.31%
1042.wav,female_south,11.08%,female_north,85.59%
1044.wav,female_south,5.78%,female_north,93.27%
1048.wav,female_south,27.54%,female_central,55.48%
1054.wav,female_south,0.51%,female_central,99.37%
1055.wav,female_south,40.46%,female_central,55.18%
1057.wav,female_south,0.17%,female_central,99.79%
1059.wav,female_south,3.72%,female_central,96.13%
1062.wav,female_south,1.65%,female_central,79.90%
1064.wav,female_south,25.63%,female_north,49.26%
1066.wav,female_south,2.25%,female_central,97.58%
1067.wav,female_south,32.92%,female_north,66.24%
1076.wav,female_south,28.86%,male_south,68.35%
1077.wav,female_south,0.32%,male_south,99.65%
1090.wav,female_south,6.28%,female_central,92.31%
1150.wav,female_south,14.25%,male_south,85.50%
1151.wav,female_south,6.85%,male_south,92.94%
1152.wav,female_south,0.02%,male_south,99.96%
1153.wav,female_south,46.12%,male_south,53.52%
1154.wav,female_south,0.18%,male_south,99.79%
1155.wav,female_south,39.18%,male_south,60.12%
1158.wav,female_south,3.62%,female_central,77.55%
1160.wav,female_south,0.52%,male_south,89.37%
1161.wav,female_south,1.57%,female_north,97.73%
1172.wav,female_south,45.09%,male_north,49.71%
1192.wav,female_south,41.86%,female_north,50.57%
1198.wav,female_south,26.19%,female_central,73.40%
1199.wav,female_south,2.92%,female_central,86.57%
1200.wav,female_south,0.47%,female_central,99.15%
1201.wav,female_south,0.10%,female_central,98.94%
1202.wav,female_south,0.98%,male_central,96.89%
1207.wav,female_central,2.89%,male_central,96.51%
1211.wav,female_central,0.01%,male_central,99.96%
1213.mp3,female_central,0.05%,female_north,99.42%
1224.wav,female_central,2.10%,male_central,97.49%
1230.wav,female_central,30.49%,female_north,37.59%
1235.wav,female_central,18.62%,male_central,80.96%
1240.wav,female_central,10.39%,female_south,71.96%
1247.wav,female_central,31.59%,female_south,66.19%
1248.wav,female_central,4.52%,female_south,95.17%
1250.wav,female_central,1.44%,female_south,98.43%
1252.wav,female_central,6.35%,female_south,89.97%
1256.wav,female_central,25.94%,male_central,69.94%
1257.wav,female_central,24.17%,male_south,38.51%
1259.wav,female_central,14.84%,male_south,42.63%
1263.wav,female_central,26.23%,female_north,58.27%
1273.wav,female_central,24.03%,female_north,74.26%
1275.wav,female_central,14.82%,female_south,80.27%
1283.wav,female_central,8.43%,male_central,88.56%
1284.mp3,female_central,0.05%,female_south,99.78%
1296.wav,female_central,13.99%,female_north,74.48%
1297.mp3,female_central,0.25%,female_north,55.88%
1301.wav,female_central,0.33%,female_south,99.54%
1302.wav,female_central,7.03%,female_north,50.91%
1303.amr,female_central,1.66%,female_south,75.74%
1308.wav,female_central,8.72%,female_south,90.41%
1309.wav,female_central,3.87%,female_north,95.79%
1311.wav,female_central,9.80%,female_north,89.73%
1319.amr,female_central,0.02%,female_south,99.88%
1320.wav,female_central,0.39%,female_south,99.38%
1321.wav,female_central,15.72%,female_south,82.65%
1323.wav,female_central,26.94%,female_south,71.94%
1327.wav,female_central,0.26%,female_south,99.65%
1330.mp3,female_central,0.06%,female_south,99.39%
1331.wav,female_central,29.90%,female_north,47.23%
1334.wav,female_central,30.00%,female_south,46.84%
1335.wav,female_central,36.41%,female_south,60.03%
1346.wav,female_central,0.99%,female_north,46.98%
1350.wav,female_central,10.21%,female_south,43.22%
1351.wav,female_central,48.44%,female_north,50.80%
1355.wav,female_central,0.26%,female_south,99.68%
1357.wav,female_central,8.28%,female_south,69.91%
1358.wav,female_central,0.06%,male_central,99.85%
1361.wav,female_central,37.33%,female_south,62.23%
1365.amr,female_central,0.04%,female_south,99.65%
1366.wav,female_central,3.07%,male_central,78.23%
1368.wav,female_central,5.76%,male_south,51.70%
1369.wav,female_central,1.06%,female_south,97.29%
1373.wav,female_central,6.90%,female_south,73.79%
1384.wav,female_central,2.67%,male_central,94.28%
1386.amr,female_central,0.50%,female_south,45.39%
1394.wav,female_central,48.08%,female_south,49.38%
1399.wav,female_central,8.92%,female_south,67.99%
1405.wav,female_central,15.21%,female_south,83.41%
1408.wav,female_central,32.19%,male_central,61.74%
1412.wav,female_central,1.10%,female_north,75.56%
1413.wav,female_central,29.10%,male_central,69.20%
1416.wav,female_central,24.85%,male_central,74.47%
1417.wav,female_central,3.25%,male_central,94.26%
1418.wav,female_central,33.73%,female_south,64.35%
1419.amr,female_central,0.03%,female_south,99.89%
1431.wav,female_central,0.92%,male_central,98.07%
1434.wav,female_central,3.53%,male_north,37.07%
1435.amr,female_central,0.12%,female_south,99.18%
1437.wav,female_central,0.01%,male_central,99.84%
1440.amr,female_central,1.92%,female_north,90.48%
1443.wav,female_central,0.04%,male_central,99.89%
1448.wav,female_central,0.17%,female_south,99.58%
1460.wav,female_central,1.14%,female_south,98.48%
1462.wav,female_central,0.54%,female_south,56.56%
1469.wav,female_central,1.55%,female_south,87.02%
1471.wav,female_central,2.51%,male_north,81.73%
1475.wav,female_central,29.95%,female_south,68.65%
1476.wav,female_central,4.15%,female_south,89.39%
1499.wav,female_central,29.63%,male_central,69.66%
1500.wav,female_central,22.39%,female_north,71.36%
1502.wav,female_central,4.73%,male_central,95.08%
1517.wav,female_central,2.93%,male_central,91.82%
1518.wav,female_central,42.80%,female_north,56.74%
1520.wav,female_central,0.72%,male_central,92.56%
1521.wav,female_central,15.73%,female_south,80.08%
1522.wav,female_central,18.05%,female_north,65.85%
1533.wav,female_central,1.00%,female_south,91.86%
1537.wav,female_central,4.07%,male_south,93.43%
1542.wav,female_central,1.28%,male_central,97.20%
1547.wav,female_central,0.10%,female_south,99.50%
1549.wav,female_central,31.80%,female_south,63.15%
1555.wav,female_central,18.55%,female_north,44.76%
1558.wav,female_central,31.25%,male_central,67.17%
1560.amr,female_central,0.01%,female_south,99.97%
1565.wav,female_central,2.46%,female_north,96.90%
1567.mp3,male_north,5.27%,male_south,94.33%
1570.mp3,male_north,1.94%,female_south,69.86%
1571.wav,male_north,15.95%,male_central,79.15%
1576.mp3,male_north,0.20%,male_south,99.70%
1578.wav,male_north,0.68%,male_central,89.13%
1582.wav,male_north,1.12%,male_central,92.72%
1583.wav,male_north,0.84%,male_central,83.13%
1587.mp3,male_north,2.26%,male_south,96.98%
1590.mp3,male_north,15.45%,male_south,79.96%
1592.amr,male_north,0.01%,male_south,99.94%
1597.mp3,male_north,23.00%,male_south,76.50%
1600.wav,male_north,0.17%,male_central,99.73%
1602.wav,male_north,0.05%,male_central,97.87%
1605.mp3,male_north,0.25%,female_south,92.71%
1609.amr,male_north,0.42%,male_south,98.12%
1610.wav,male_north,1.51%,male_central,97.30%
1612.amr,male_north,0.03%,male_south,99.89%
1613.wav,male_north,0.66%,male_central,98.83%
1614.amr,male_north,1.28%,male_central,69.16%
1617.amr,male_north,1.07%,male_south,98.15%
1620.mp3,male_north,0.37%,male_south,99.47%
1626.mp3,male_north,16.69%,male_south,82.59%
1627.wav,male_north,29.96%,female_north,36.89%
1630.wav,male_north,3.66%,male_central,96.02%
1633.mp3,male_north,31.37%,female_north,55.59%
1634.mp3,male_north,5.90%,female_north,60.47%
1635.wav,male_north,2.71%,male_central,84.92%
1638.wav,male_north,0.02%,male_south,97.42%
1640.wav,male_north,1.70%,male_central,96.87%
1643.wav,male_north,0.60%,male_central,99.22%
1644.wav,male_north,4.54%,male_central,51.20%
1645.wav,male_north,0.47%,male_central,98.92%
1647.wav,male_north,0.01%,male_south,86.69%
1648.wav,male_north,0.82%,male_south,98.83%
1653.wav,male_north,0.18%,male_central,99.75%
1656.wav,male_north,0.13%,male_south,98.28%
1657.wav,male_north,0.12%,male_central,94.59%
1663.wav,male_north,0.05%,male_central,95.55%
1665.wav,male_north,6.35%,male_south,91.72%
1667.amr,male_north,0.15%,male_south,99.62%
1674.mp3,male_north,0.25%,female_north,99.16%
1677.wav,male_north,6.08%,male_central,92.63%
1678.amr,male_north,0.21%,male_south,99.72%
1679.wav,male_north,5.10%,male_south,94.75%
1689.amr,male_north,0.32%,male_central,91.75%
1695.mp3,male_north,0.82%,male_south,98.27%
1696.amr,male_north,1.65%,male_south,97.08%
1700.amr,male_north,2.06%,male_south,96.03%
1704.mp3,male_north,41.81%,male_south,57.69%
1706.mp3,male_north,2.63%,male_south,97.06%
1707.mp3,male_north,5.65%,male_south,93.37%
1708.mp3,male_north,27.54%,male_south,71.19%
1709.mp3,male_north,0.44%,female_north,79.37%
1710.amr,male_north,0.02%,male_south,99.90%
1713.wav,male_north,0.59%,male_south,91.88%
1714.mp3,male_north,0.32%,male_south,98.29%
1715.wav,male_north,2.31%,male_south,97.26%
1719.mp3,male_north,0.36%,male_south,99.58%
1721.mp3,male_north,27.94%,male_south,69.44%
1723.wav,male_north,0.47%,male_central,99.37%
1725.wav,male_north,0.24%,male_south,98.99%
1727.wav,male_north,0.75%,male_central,99.10%
1729.mp3,male_north,18.22%,male_central,61.85%
1733.mp3,male_north,37.67%,male_south,61.83%
1734.wav,male_north,9.35%,female_central,79.31%
1735.amr,male_north,12.15%,male_south,64.03%
1736.wav,male_north,1.28%,male_south,96.11%
1737.mp3,male_north,29.68%,female_north,43.07%
1741.amr,male_north,0.17%,male_south,97.32%
1749.amr,male_north,0.01%,male_south,99.96%
1751.mp3,male_north,0.06%,male_south,79.06%
1754.mp3,male_north,0.22%,male_south,97.76%
1755.mp3,male_north,0.47%,male_south,64.12%
1756.mp3,male_north,0.21%,male_south,99.76%
1757.wav,male_north,0.06%,male_central,99.43%
1759.wav,male_north,1.57%,male_south,98.26%
1762.wav,male_north,11.42%,female_central,70.66%
1763.mp3,male_north,6.63%,male_south,93.04%
1769.mp3,male_north,0.18%,male_central,98.16%
1773.wav,male_north,5.56%,male_south,93.83%
1774.wav,male_north,11.73%,male_central,86.84%
1784.wav,male_north,14.26%,male_central,85.05%
1785.amr,male_north,0.11%,male_south,99.82%
1786.wav,male_north,19.20%,male_south,80.10%
1788.wav,male_north,2.69%,male_central,53.77%
1790.wav,male_north,0.08%,male_central,99.72%
1791.mp3,male_north,3.87%,male_south,95.97%
1792.wav,male_north,6.24%,male_south,81.08%
1795.mp3,male_north,21.13%,male_central,76.80%
1798.wav,male_north,23.70%,male_central,75.62%
1804.mp3,male_north,17.52%,female_south,54.32%
1807.wav,male_north,4.54%,male_south,90.06%
1808.mp3,male_north,3.86%,female_north,76.59%
1814.mp3,male_north,11.99%,male_south,86.50%
1815.amr,male_north,0.05%,male_south,99.82%
1816.amr,male_north,1.75%,male_south,97.00%
1819.mp3,male_north,0.07%,male_south,99.89%
1825.mp3,male_north,24.78%,male_south,70.47%
1826.wav,male_north,2.19%,female_north,96.98%
1827.mp3,male_north,20.96%,male_south,56.91%
1830.mp3,male_north,0.05%,male_south,99.88%
1831.wav,male_north,33.23%,male_south,55.18%
1832.amr,male_north,0.16%,male_central,77.21%
1833.wav,male_north,0.05%,male_central,99.68%
1834.mp3,male_north,4.41%,female_north,95.14%
1835.wav,male_north,47.79%,male_central,51.05%
1839.amr,male_north,0.00%,male_south,99.96%
1842.amr,male_north,0.47%,male_south,99.12%
1843.mp3,male_north,49.31%,female_north,50.14%
1846.mp3,male_north,38.45%,male_south,60.16%
1847.amr,male_north,0.02%,male_south,99.56%
1849.mp3,male_north,0.02%,female_north,99.87%
1853.wav,male_north,8.22%,male_south,90.97%
1854.wav,male_north,0.20%,male_south,92.28%
1856.wav,male_north,1.55%,female_south,93.16%
1857.amr,male_north,0.38%,male_central,95.55%
1859.wav,male_north,5.14%,male_south,91.77%
1864.amr,male_north,0.06%,male_south,99.76%
1868.mp3,male_north,36.35%,male_south,61.70%
1872.wav,male_north,5.86%,male_south,93.96%
1879.wav,male_north,14.67%,male_south,84.41%
1881.mp3,male_north,0.25%,female_north,99.19%
1882.mp3,male_north,35.83%,female_north,48.56%
1883.wav,male_north,4.16%,male_south,95.51%
1885.wav,male_north,7.24%,male_south,50.89%
1886.wav,male_north,7.73%,male_central,91.79%
1892.mp3,male_north,8.19%,male_south,91.25%
1894.amr,male_north,0.26%,male_south,99.55%
1896.amr,male_north,0.16%,male_south,99.20%
1897.wav,male_north,1.21%,male_central,98.15%
1900.wav,male_north,27.12%,male_central,64.66%
1903.wav,male_north,9.01%,male_central,84.45%
1904.mp3,male_north,1.31%,female_north,68.10%
1906.mp3,male_north,8.40%,male_south,91.34%
1908.mp3,male_north,29.50%,male_south,68.27%
1911.mp3,male_north,8.36%,female_north,91.09%
1912.wav,male_north,1.20%,male_central,98.55%
1914.amr,male_north,0.52%,male_south,98.54%
1916.wav,male_north,28.51%,male_central,61.53%
1917.amr,male_north,0.23%,male_south,99.52%
1918.wav,male_north,36.90%,male_central,59.17%
1919.mp3,male_north,0.34%,female_south,93.35%
1921.wav,male_north,0.06%,male_south,99.46%
1929.amr,male_north,0.82%,male_south,98.97%
1935.amr,male_north,0.05%,male_south,99.81%
1936.wav,male_north,19.48%,male_south,79.29%
1938.wav,male_north,2.36%,male_central,96.72%
1939.wav,male_north,0.02%,male_central,99.79%
1940.wav,male_north,5.00%,male_central,89.65%
1941.mp3,male_north,6.51%,male_south,93.10%
1944.mp3,male_north,11.46%,male_south,87.41%
1945.mp3,male_north,14.43%,male_south,85.17%
1946.wav,male_north,1.17%,male_central,96.99%
1950.wav,male_north,0.70%,male_south,97.57%
1952.mp3,male_north,0.02%,male_south,99.86%
1954.amr,male_north,0.15%,male_south,99.70%
1958.mp3,male_north,0.45%,male_south,89.64%
1959.wav,male_north,15.38%,male_central,84.13%
1960.wav,male_north,0.01%,male_central,99.73%
1965.wav,male_north,0.33%,male_central,99.57%
1969.wav,male_north,31.80%,male_south,64.92%
1973.wav,male_north,3.36%,male_south,62.61%
1975.mp3,male_north,8.61%,male_south,89.28%
1978.mp3,male_north,0.86%,female_north,98.86%
1980.wav,male_north,0.17%,male_central,99.78%
1984.amr,male_north,0.01%,male_south,99.63%
1985.wav,male_north,15.25%,male_central,81.91%
1987.wav,male_north,0.05%,male_central,98.34%
1995.wav,male_north,0.92%,male_south,95.62%
1999.wav,male_north,0.76%,male_central,98.84%
2004.mp3,male_north,20.26%,female_north,69.44%
2007.amr,male_north,0.01%,male_south,99.45%
2009.mp3,male_north,1.20%,male_south,97.18%
2011.wav,male_north,6.20%,male_central,93.13%
2012.amr,male_north,0.06%,male_south,99.55%
2013.amr,male_north,0.07%,male_south,99.44%
2018.wav,male_north,29.54%,male_south,68.29%
2020.wav,male_north,0.01%,male_central,99.95%
2021.wav,male_north,1.78%,male_south,97.24%
2022.mp3,male_north,0.00%,male_south,99.97%
2023.wav,male_north,0.10%,male_south,97.86%
2032.amr,male_north,0.02%,male_south,99.25%
2033.wav,male_north,0.01%,male_central,99.91%
2035.amr,male_north,0.01%,male_south,99.90%
2036.mp3,male_north,18.48%,male_south,80.96%
2040.wav,male_north,0.17%,male_central,57.80%
2042.amr,male_north,0.19%,male_central,57.91%
2054.mp3,male_north,0.04%,male_south,99.94%
2056.mp3,male_north,25.48%,male_south,74.10%
2059.wav,male_north,0.03%,male_central,99.91%
2060.wav,male_north,0.91%,male_south,98.81%
2061.wav,male_north,2.13%,male_central,97.51%
2062.mp3,male_north,4.72%,female_south,93.50%
2066.mp3,male_north,6.55%,female_north,93.22%
2069.mp3,male_north,25.37%,male_south,57.22%
2071.wav,male_north,33.32%,female_south,33.68%
2073.amr,male_north,0.06%,male_south,99.77%
2087.wav,male_north,0.03%,male_central,99.78%
2089.wav,male_north,0.17%,male_central,94.97%
2090.mp3,male_north,3.92%,male_south,95.42%
2094.wav,male_north,0.04%,male_south,98.34%
2095.wav,male_north,13.24%,male_central,73.79%
2100.mp3,male_north,21.06%,female_north,77.84%
2102.amr,male_north,0.51%,male_south,84.86%
2103.wav,male_north,5.04%,male_south,92.57%
2104.mp3,male_north,0.29%,male_south,99.41%
2107.amr,male_north,0.01%,male_south,99.67%
2113.amr,male_north,0.02%,male_south,99.69%
2128.wav,male_north,0.10%,male_central,99.10%
2129.mp3,male_north,34.63%,male_south,62.69%
2130.mp3,male_north,0.98%,male_south,96.39%
2131.amr,male_north,0.04%,male_south,99.87%
2133.mp3,male_north,4.84%,male_south,94.95%
2134.amr,male_north,0.00%,male_south,99.68%
2135.wav,male_north,0.21%,male_south,87.40%
2138.amr,male_north,0.05%,male_south,99.54%
2139.mp3,male_north,12.69%,male_south,81.32%
2141.mp3,male_north,23.73%,male_south,73.74%
2145.mp3,male_north,0.11%,female_north,98.72%
2146.amr,male_north,2.08%,male_south,74.49%
2147.mp3,male_north,0.01%,male_south,99.33%
2149.amr,male_north,0.13%,male_south,98.80%
2152.mp3,male_north,0.40%,male_south,74.17%
2153.mp3,male_north,26.93%,male_south,38.03%
2155.wav,male_north,5.58%,male_central,94.19%
2158.wav,male_north,29.89%,male_central,69.04%
2159.wav,male_north,1.13%,male_south,98.64%
2161.wav,male_north,0.01%,male_central,99.89%
2163.amr,male_north,0.07%,male_south,99.37%
2166.wav,male_north,0.77%,male_central,98.47%
2167.wav,male_north,35.89%,male_south,63.60%
2168.wav,male_north,4.67%,male_south,88.76%
2169.mp3,male_north,26.01%,male_south,73.68%
2170.wav,male_north,4.18%,male_central,95.41%
2174.wav,male_north,2.36%,male_south,65.20%
2175.mp3,male_north,11.46%,male_south,48.47%
2176.amr,male_north,0.06%,male_south,99.62%
2177.mp3,male_north,1.61%,male_south,97.85%
2180.amr,male_north,0.01%,male_south,99.96%
2181.amr,male_north,0.03%,male_south,99.88%
2184.mp3,male_north,37.13%,male_central,61.30%
2186.wav,male_north,0.13%,male_south,99.14%
2188.wav,male_north,9.27%,male_central,90.39%
2191.amr,male_north,0.34%,male_south,97.34%
2193.wav,male_north,11.45%,male_central,83.38%
2196.amr,male_north,0.01%,male_south,99.93%
2197.wav,male_north,0.98%,male_south,98.88%
2203.amr,male_north,0.01%,male_south,99.91%
2206.mp3,male_north,0.13%,female_north,78.19%
2207.mp3,male_north,3.48%,female_north,93.66%
2215.amr,male_north,0.05%,male_south,99.87%
2216.mp3,male_north,23.12%,male_south,51.74%
2217.mp3,male_north,0.29%,female_north,95.87%
2223.mp3,male_north,4.41%,male_south,83.84%
2227.wav,male_north,28.84%,male_south,53.21%
2230.amr,male_north,0.04%,male_south,99.74%
2237.mp3,male_north,12.26%,male_south,87.39%
2243.mp3,female_north,2.28%,female_south,97.07%
2247.mp3,female_north,6.92%,female_central,83.05%
2249.amr,female_north,1.60%,female_south,96.52%
2256.mp3,female_north,20.41%,female_south,78.20%
2262.amr,female_north,0.09%,female_south,99.78%
2263.amr,female_north,13.61%,female_south,56.23%
2264.mp3,female_north,9.00%,female_south,90.17%
2265.amr,female_north,0.24%,female_south,98.61%
2268.mp3,female_north,0.59%,female_south,99.16%
2271.mp3,female_north,28.68%,male_north,69.63%
2273.wav,female_north,0.97%,female_south,95.30%
2274.mp3,female_north,0.15%,female_south,99.79%
2275.mp3,female_north,8.16%,female_south,91.36%
2278.amr,female_north,0.73%,male_south,95.20%
2281.wav,female_north,0.17%,male_north,99.66%
2283.mp3,female_north,42.84%,female_south,56.39%
2292.amr,female_north,0.99%,female_south,97.26%
2294.wav,female_north,1.23%,female_south,75.21%
2295.amr,female_north,0.38%,female_south,99.20%
2297.wav,female_north,10.32%,female_south,87.32%
2298.amr,female_north,0.33%,female_south,99.13%
2299.mp3,female_north,0.98%,female_south,98.45%
2301.amr,female_north,0.64%,female_south,87.16%
2305.amr,female_north,7.14%,female_south,92.35%
2313.mp3,female_north,0.35%,female_south,99.43%
2314.mp3,female_north,31.75%,female_south,67.75%
2315.amr,female_north,12.37%,male_central,42.32%
2318.mp3,female_north,0.02%,female_south,99.97%
2319.amr,female_north,17.78%,female_south,79.99%
2323.mp3,female_north,0.29%,female_south,99.64%
2327.amr,female_north,0.43%,female_south,81.78%
2328.mp3,female_north,0.68%,female_south,99.23%
2332.wav,female_north,9.96%,female_south,77.27%
2334.amr,female_north,1.30%,female_south,95.69%
2335.wav,female_north,0.42%,female_south,99.47%
2338.mp3,female_north,2.01%,female_south,97.85%
2339.mp3,female_north,0.11%,female_south,99.87%
2340.amr,female_north,0.41%,female_south,98.27%
2344.amr,female_north,5.64%,female_south,91.81%
2346.mp3,female_north,21.67%,female_south,71.06%
2348.amr,female_north,1.54%,female_south,94.00%
2350.amr,female_north,0.89%,female_south,93.54%
2351.wav,female_north,0.16%,male_north,94.49%
2352.amr,female_north,17.47%,female_south,71.24%
2358.mp3,female_north,0.48%,female_south,99.26%
2364.amr,female_north,26.58%,female_south,71.70%
2366.mp3,female_north,27.03%,female_south,63.29%
2368.mp3,female_north,0.12%,male_south,99.75%
2371.amr,female_north,15.60%,male_south,64.82%
2373.amr,female_north,0.27%,female_south,99.37%
2374.amr,female_north,6.64%,female_south,72.26%
2376.mp3,female_north,0.01%,female_south,99.82%
2389.amr,female_north,0.87%,female_south,97.99%
2392.mp3,female_north,0.81%,female_south,98.16%
2397.mp3,female_north,3.38%,female_south,96.44%
2399.amr,female_north,8.32%,female_south,88.72%
2402.mp3,female_north,2.83%,female_south,96.76%
2411.mp3,female_north,11.87%,male_north,50.34%
2412.amr,female_north,1.08%,female_south,84.44%
2413.wav,female_north,2.51%,female_south,97.19%
2414.mp3,female_north,2.10%,male_north,89.41%
2421.mp3,female_north,5.00%,female_south,94.38%
2427.wav,female_north,3.85%,female_south,92.92%
2431.mp3,female_north,9.77%,female_south,89.86%
2434.wav,female_north,0.66%,female_south,99.15%
2435.mp3,female_north,4.21%,female_south,94.09%
2436.mp3,female_north,0.66%,female_south,98.92%
2442.mp3,female_north,47.94%,female_south,51.47%
2446.mp3,female_north,36.60%,female_south,50.10%
2447.amr,female_north,0.06%,female_south,99.89%
2449.mp3,female_north,40.52%,female_south,51.55%
2450.mp3,female_north,5.03%,female_south,94.41%
2454.mp3,female_north,14.60%,female_south,85.06%
2456.mp3,female_north,43.76%,female_south,55.63%
2459.mp3,female_north,39.44%,female_south,59.42%
2461.mp3,female_north,13.42%,female_south,86.11%
2462.amr,female_north,22.78%,female_south,75.47%
2472.wav,female_north,0.52%,female_south,98.92%
2478.mp3,female_north,0.21%,male_north,92.07%
2480.amr,female_north,13.25%,female_south,76.87%
2481.amr,female_north,0.30%,female_south,97.80%
2486.wav,female_north,1.96%,female_south,89.73%
2489.wav,female_north,0.03%,female_south,99.91%
2490.mp3,female_north,1.02%,female_south,98.64%
2498.mp3,female_north,16.07%,male_north,54.73%
2501.wav,female_north,18.79%,male_south,54.40%
2502.mp3,female_north,0.42%,male_north,70.45%
2504.amr,female_north,14.77%,female_south,83.58%
2515.mp3,female_north,32.16%,male_north,52.57%
2517.amr,female_north,0.59%,female_south,98.14%
2518.amr,female_north,0.14%,female_south,99.31%
2519.mp3,female_north,0.72%,female_south,99.11%
2522.wav,female_north,7.34%,female_central,66.37%
2523.wav,female_north,38.23%,female_central,60.29%
2529.amr,female_north,2.40%,female_south,96.96%
2536.wav,female_north,2.08%,female_south,97.10%
2538.mp3,female_north,6.53%,female_south,88.73%
2542.mp3,female_north,24.03%,female_central,71.64%
2544.amr,female_north,19.23%,female_south,48.38%
2546.mp3,female_north,0.57%,male_north,98.72%
2554.amr,female_north,0.18%,female_south,99.14%
2556.amr,female_north,1.60%,female_south,83.00%
2558.mp3,female_north,0.05%,female_south,99.83%
2559.amr,female_north,5.80%,female_south,83.05%
2571.amr,female_north,36.21%,female_south,55.75%
2573.mp3,female_north,0.17%,male_north,99.06%
2577.amr,female_north,1.37%,male_south,78.37%
2580.mp3,female_north,0.47%,female_south,99.40%
2582.amr,female_north,0.73%,female_south,97.83%
2583.mp3,female_north,1.34%,female_south,98.57%
2586.mp3,female_north,4.57%,female_south,79.54%
2587.mp3,female_north,21.64%,female_south,78.07%
2592.mp3,female_north,0.15%,female_south,99.76%
2594.amr,female_north,5.60%,female_south,78.16%
2602.mp3,female_north,0.61%,female_south,99.25%
2609.mp3,female_north,36.84%,female_south,48.35%
2611.mp3,female_north,0.21%,female_south,99.34%
2619.wav,female_north,4.18%,male_north,61.20%
2620.mp3,female_north,0.05%,female_south,99.94%
2622.mp3,female_north,16.57%,female_south,83.26%
2623.amr,female_north,4.55%,female_south,94.28%
2628.wav,female_north,1.04%,female_south,56.95%
2646.wav,female_north,0.40%,female_south,97.52%
2648.mp3,female_north,7.62%,female_south,82.79%
2654.mp3,female_north,1.63%,female_south,97.12%
2656.mp3,female_north,6.34%,female_south,92.78%
2658.mp3,female_north,4.47%,female_south,93.05%
2661.mp3,female_north,2.42%,female_south,91.57%
2662.mp3,female_north,0.13%,female_south,99.79%
2666.wav,female_north,1.05%,male_central,81.14%
2668.mp3,female_north,34.34%,female_south,64.61%
2669.wav,female_north,1.00%,female_central,86.56%
2670.mp3,female_north,19.59%,female_south,48.17%
2675.amr,female_north,0.18%,female_south,99.75%
2676.mp3,female_north,1.71%,female_south,58.36%
2678.mp3,female_north,9.77%,male_north,87.17%
2681.amr,female_north,0.09%,female_south,99.79%
2687.wav,female_north,1.18%,female_south,97.03%
2692.wav,female_north,0.71%,female_central,97.41%
2696.wav,female_north,0.39%,male_south,67.96%
2700.amr,female_north,2.31%,male_south,77.30%
2702.mp3,female_north,27.93%,female_south,71.58%
2710.mp3,female_north,24.30%,female_south,74.59%
2716.amr,female_north,0.28%,female_south,98.36%
2717.wav,female_north,3.62%,female_central,70.42%
2718.amr,female_north,1.30%,female_south,96.68%
2720.wav,female_north,0.29%,female_south,75.26%
2721.mp3,female_north,0.46%,female_south,99.28%
2723.mp3,female_north,0.98%,female_south,98.97%
2725.mp3,female_north,0.69%,female_south,99.20%
2727.mp3,female_north,8.55%,female_south,85.10%
2729.amr,female_north,0.34%,female_south,99.15%
2736.wav,female_north,3.30%,female_central,63.22%
2739.mp3,female_north,22.31%,female_south,75.96%
2740.amr,female_north,0.27%,female_south,99.45%
2742.mp3,female_north,1.33%,female_south,96.85%
2744.amr,female_north,1.52%,female_south,98.35%
2746.amr,female_north,1.87%,female_south,93.87%
2752.wav,male_central,0.03%,male_south,99.59%
2759.amr,male_central,0.44%,female_south,99.02%
2761.wav,male_central,3.82%,male_south,95.59%
2770.wav,male_central,1.07%,male_north,98.75%
2774.wav,male_central,4.22%,male_north,92.73%
2776.wav,male_central,1.21%,male_north,98.44%
2778.wav,male_central,11.53%,male_south,87.98%
2782.wav,male_central,0.59%,male_north,98.68%
2788.wav,male_central,0.10%,male_south,99.80%
2790.wav,male_central,0.08%,male_south,99.84%
2797.wav,male_central,3.02%,male_north,90.19%
2798.wav,male_central,2.68%,male_north,94.05%
2800.amr,male_central,3.66%,male_south,84.02%
2802.mp3,male_central,0.06%,male_north,98.47%
2804.wav,male_central,3.31%,female_central,95.99%
2808.amr,male_central,0.02%,male_south,99.87%
2810.amr,male_central,0.47%,male_south,99.05%
2812.wav,male_central,0.05%,male_south,99.84%
2817.amr,male_central,0.13%,male_north,98.79%
2826.wav,male_central,0.57%,male_south,93.60%
2830.amr,male_central,2.76%,male_north,83.60%
2831.wav,male_central,43.13%,male_south,55.71%
2832.wav,male_central,0.01%,male_south,99.95%
2837.wav,male_central,0.09%,male_north,99.85%
2839.wav,male_central,1.73%,male_south,98.16%
2843.wav,male_central,1.14%,male_north,98.60%
2845.wav,male_central,5.94%,male_north,91.50%
2848.amr,male_central,4.41%,male_north,93.19%
2858.wav,male_central,7.17%,male_north,92.15%
2864.wav,male_central,6.47%,male_south,89.66%
2875.wav,male_central,8.68%,male_south,87.40%
2877.wav,male_central,0.68%,male_north,99.25%
2879.wav,male_central,3.02%,male_south,89.09%
2894.amr,male_central,0.02%,male_south,92.99%
2896.wav,male_central,26.10%,female_central,71.75%
2898.wav,male_central,10.94%,male_north,83.79%
2914.wav,male_central,37.42%,male_north,61.36%
2915.wav,male_central,0.08%,male_south,98.12%
2916.wav,male_central,0.11%,male_north,99.54%
2920.amr,male_central,0.01%,male_south,99.96%
2926.wav,male_central,1.86%,male_south,95.86%
2950.wav,male_central,3.51%,male_south,72.47%
2952.wav,male_central,0.04%,male_south,99.93%
2959.wav,male_central,18.19%,female_central,80.99%
2960.amr,male_central,0.00%,male_south,99.97%
2962.wav,male_central,0.06%,male_north,99.71%
2963.amr,male_central,0.04%,male_south,99.80%
2964.wav,male_central,0.59%,male_south,99.35%
2968.wav,male_central,6.89%,male_south,62.95%
2969.wav,male_central,35.82%,male_north,60.04%
2970.wav,male_central,26.19%,male_south,73.23%
2977.wav,male_central,20.74%,male_north,44.45%
2978.wav,male_central,19.73%,male_south,60.52%
2986.amr,male_central,0.46%,male_south,98.31%
2987.mp3,male_central,1.56%,female_north,65.07%
2999.amr,male_central,1.52%,male_north,86.23%
3002.wav,male_central,21.87%,male_south,77.60%
3010.wav,male_central,1.58%,male_south,92.44%
3015.wav,male_central,38.19%,male_south,55.64%
3022.wav,male_central,1.03%,female_central,98.83%
3025.wav,male_central,39.95%,male_south,58.52%
3030.wav,male_central,0.84%,male_north,97.80%
3036.wav,male_central,0.00%,male_north,99.99%
3037.wav,male_central,26.77%,male_north,71.78%
3040.wav,male_central,30.22%,male_south,68.73%
3046.wav,male_central,0.12%,male_south,96.03%
3050.wav,male_central,38.51%,male_north,61.09%
3056.amr,male_central,7.15%,male_south,92.10%
3066.wav,male_central,0.18%,male_south,99.67%
3075.amr,male_central,0.05%,male_south,99.76%
3076.wav,male_central,18.76%,male_north,80.35%
3083.amr,male_central,0.58%,male_north,96.97%
3084.wav,male_central,11.54%,male_south,87.36%
3088.amr,male_central,1.08%,male_south,84.09%
3098.wav,male_central,3.54%,male_north,96.09%
3102.wav,male_central,17.20%,male_north,80.78%
3107.wav,male_central,0.41%,male_north,99.39%
3111.amr,male_central,18.17%,male_south,47.24%
3113.amr,male_central,0.06%,male_south,99.80%
3118.wav,male_central,0.21%,male_south,99.55%
3120.amr,male_central,9.19%,male_north,87.00%
3123.wav,male_central,1.00%,male_south,78.93%
3126.mp3,male_central,0.22%,male_south,99.51%
3128.wav,male_central,0.13%,male_north,77.38%
3132.wav,male_central,0.43%,male_south,97.15%
3139.mp3,male_central,0.08%,male_north,99.28%
3141.amr,male_central,0.12%,male_south,99.70%
3143.wav,male_central,0.50%,male_south,97.11%
3145.wav,male_central,1.41%,male_north,92.24%
3152.amr,male_central,0.02%,male_south,99.85%
3153.wav,male_central,4.81%,male_south,94.85%
3157.wav,male_central,37.81%,male_north,58.04%
3158.wav,male_central,0.71%,female_central,99.02%
3163.amr,male_central,0.09%,male_south,99.76%
3165.wav,male_central,18.08%,male_north,45.24%
3167.wav,male_central,11.78%,male_south,85.74%
3171.amr,male_central,11.25%,male_south,85.51%
3178.amr,male_central,0.01%,male_south,99.94%
3179.amr,male_central,0.08%,male_south,99.43%
3180.wav,male_central,2.16%,male_south,71.85%
3183.mp3,male_central,4.51%,male_south,73.46%
3196.amr,male_central,0.10%,male_south,52.90%
3199.wav,male_central,0.31%,male_north,76.03%
3212.amr,male_central,0.06%,male_south,99.69%
3215.wav,male_central,38.10%,male_south,48.10%
3217.amr,male_central,0.25%,male_south,98.29%
3230.wav,male_central,17.71%,male_north,80.15%
3236.wav,male_central,0.05%,male_south,99.93%
3239.wav,male_central,10.05%,male_north,89.70%
3240.wav,male_central,0.10%,male_south,98.76%
3243.amr,male_central,0.35%,male_south,99.39%
3246.wav,male_central,47.44%,male_south,51.44%
3248.wav,male_central,15.25%,male_south,82.79%
3254.wav,male_central,0.31%,male_north,99.31%
3257.wav,male_central,0.09%,male_south,99.12%
3259.wav,male_central,0.48%,male_north,99.42%
3263.wav,male_central,25.97%,male_south,73.19%
3266.amr,male_central,0.72%,male_north,97.05%
3272.wav,male_central,19.46%,male_north,74.40%
3274.wav,male_central,1.10%,male_north,98.66%
3280.wav,male_central,3.84%,male_south,95.09%
3284.wav,male_central,15.91%,male_north,83.38%
3286.amr,male_central,5.42%,male_south,84.69%
3294.wav,male_central,0.03%,male_north,99.88%
3299.wav,male_central,2.27%,female_central,97.48%
3306.wav,male_central,18.98%,female_central,80.45%
3314.wav,male_central,0.71%,male_north,61.33%
3320.wav,male_central,2.41%,male_north,97.08%
3321.wav,male_central,1.37%,male_north,96.47%
3325.wav,male_central,3.13%,male_south,96.30%
3326.wav,male_central,0.80%,female_central,98.68%
3334.amr,male_central,0.02%,male_south,99.96%
3336.wav,male_central,2.51%,male_north,97.26%
3340.amr,male_central,0.01%,male_south,99.93%
3350.wav,male_central,8.59%,male_north,85.20%
3351.wav,male_central,0.20%,male_south,98.17%
3355.wav,male_central,40.54%,female_central,52.74%
3356.wav,male_central,0.57%,male_south,98.84%
3360.amr,male_central,7.11%,male_north,86.86%
3362.wav,male_central,29.32%,male_south,68.60%
3372.wav,male_central,35.10%,male_north,62.57%
3374.wav,male_central,0.66%,male_north,60.03%
3376.mp3,male_central,0.03%,male_south,99.86%
3383.wav,male_central,4.18%,female_central,94.14%
3386.wav,male_central,29.78%,female_central,69.57%
3388.wav,male_central,37.29%,male_north,60.29%
3391.amr,male_central,0.37%,male_south,99.29%
3398.amr,male_central,0.08%,male_south,96.40%
3403.wav,male_central,0.03%,male_north,99.90%
3408.wav,male_central,0.15%,male_south,99.81%
3409.wav,male_central,4.47%,male_north,94.80%
3412.wav,male_central,2.12%,male_south,94.17%
3417.amr,male_central,0.08%,male_north,95.44%
3429.amr,male_central,0.06%,male_south,98.03%
3441.wav,male_central,2.23%,male_north,96.21%
3444.wav,male_central,12.95%,male_north,71.86%
3448.amr,male_central,0.19%,male_south,99.65%
3450.wav,male_central,12.75%,male_south,83.54%
3456.amr,male_central,0.21%,male_south,99.16%
3457.wav,male_central,0.09%,female_central,99.79%
3476.amr,male_central,0.11%,male_south,95.47%
3480.wav,male_central,2.08%,female_central,97.46%
3486.wav,male_central,2.42%,female_central,96.33%
3493.wav,male_central,0.22%,male_south,99.72%
3500.wav,male_central,7.76%,male_north,90.63%
3501.wav,male_central,8.01%,male_north,89.17%
3512.wav,male_central,48.67%,female_central,50.99%
3513.wav,male_central,0.16%,male_north,99.10%
3516.wav,male_central,20.02%,male_north,70.31%
3517.wav,male_central,0.02%,male_south,99.59%
3523.wav,male_central,28.05%,male_north,65.72%
3538.wav,male_central,2.96%,male_north,96.55%
3539.wav,male_central,1.50%,male_north,98.01%
3549.wav,male_central,17.87%,male_south,81.77%
3563.amr,male_central,0.35%,male_south,99.50%
3567.amr,male_central,1.72%,male_south,89.30%
3575.wav,male_central,23.13%,male_north,76.50%
3586.wav,male_central,0.39%,male_north,98.62%
3588.mp3,male_central,0.13%,male_north,78.49%
3590.wav,male_central,17.56%,male_north,60.50%
3600.amr,male_central,0.04%,male_south,99.62%
3604.wav,male_central,0.04%,male_north,99.10%
3607.wav,male_central,0.20%,female_central,99.71%
3623.amr,male_south,0.61%,male_central,99.35%
3629.amr,male_south,0.21%,male_central,99.72%
3637.wav,male_south,21.01%,male_central,78.58%
3647.mp3,male_south,7.44%,male_north,92.13%
3648.amr,male_south,9.73%,male_north,71.68%
3650.wav,male_south,34.26%,male_central,64.62%
3656.amr,male_south,0.14%,male_north,99.70%
3658.wav,male_south,2.37%,male_central,91.48%
3672.amr,male_south,0.04%,male_central,99.94%
3675.mp3,male_south,36.79%,male_central,59.53%
3678.amr,male_south,21.99%,male_north,76.93%
3680.wav,male_south,21.59%,male_central,77.95%
3683.wav,male_south,0.22%,male_central,99.48%
3693.wav,male_south,1.38%,male_central,98.29%
3695.wav,male_south,42.59%,male_central,53.50%
3699.wav,male_south,16.14%,male_central,83.28%
3702.amr,male_south,9.77%,male_north,89.65%
3710.amr,male_south,46.79%,male_north,49.47%
3719.amr,male_south,1.09%,male_central,98.09%
3720.mp3,male_south,0.01%,female_south,99.78%
3725.amr,male_south,11.13%,male_north,86.34%
3728.wav,male_south,10.70%,male_north,84.47%
3729.amr,male_south,1.71%,male_north,95.31%
3731.amr,male_south,1.01%,male_central,98.80%
3732.wav,male_south,0.09%,female_south,93.86%
3738.wav,male_south,0.34%,female_north,67.77%
3744.mp3,male_south,19.24%,male_north,77.55%
3746.wav,male_south,14.98%,male_central,84.56%
3755.amr,male_south,0.15%,male_north,99.10%
3756.wav,male_south,0.08%,female_south,99.66%
3762.amr,male_south,13.54%,male_north,85.13%
3768.mp3,male_south,0.11%,female_north,90.64%
3770.mp3,male_south,28.22%,male_central,34.74%
3773.wav,male_south,1.56%,male_central,97.65%
3774.amr,male_south,0.07%,male_central,99.80%
3788.wav,male_south,8.30%,male_north,90.38%
3799.mp3,male_south,45.73%,male_north,51.47%
3803.wav,male_south,29.45%,male_north,70.10%
3807.amr,male_south,36.75%,male_north,60.73%
3809.wav,male_south,0.03%,female_south,97.01%
3815.wav,male_south,0.12%,female_south,67.23%
3820.wav,male_south,0.02%,male_central,99.77%
3821.amr,male_south,0.64%,male_north,98.94%
3824.wav,male_south,1.46%,male_central,89.39%
3825.wav,male_south,12.44%,male_central,87.25%
3827.wav,male_south,0.10%,male_central,99.69%
3829.mp3,male_south,5.27%,male_central,94.52%
3835.wav,male_south,0.09%,male_central,99.79%
3837.mp3,male_south,0.25%,male_north,99.51%
3852.wav,male_south,3.45%,male_central,96.21%
3865.wav,male_south,3.77%,male_central,95.35%
3872.amr,male_south,35.92%,male_central,63.49%
3873.mp3,male_south,2.75%,male_north,94.51%
3879.wav,male_south,0.13%,male_central,99.73%
3881.wav,male_south,0.73%,male_central,98.99%
3886.wav,male_south,0.34%,female_central,81.81%
3887.amr,male_south,0.88%,male_central,98.98%
3891.amr,male_south,6.62%,male_north,79.79%
3906.mp3,male_south,0.02%,male_north,99.93%
3908.mp3,male_south,26.36%,female_north,73.04%
3915.wav,male_south,0.03%,male_central,99.87%
3922.wav,male_south,0.24%,male_central,99.63%
3924.amr,male_south,32.68%,male_north,58.84%
3954.wav,male_south,0.23%,male_central,99.51%
3958.amr,male_south,1.45%,male_central,97.79%
3964.wav,male_south,1.25%,male_north,80.12%
3974.mp3,male_south,7.77%,female_north,62.09%
3987.amr,male_south,24.60%,male_north,73.26%
3991.wav,male_south,5.22%,male_central,94.44%
3993.wav,male_south,2.89%,male_central,90.00%
4002.mp3,male_south,0.47%,female_north,71.24%
4010.wav,male_south,2.02%,male_central,94.61%
4013.mp3,male_south,26.57%,male_north,72.57%
4014.wav,male_south,22.37%,male_central,75.70%
4015.amr,male_south,35.45%,male_north,61.34%
4017.wav,male_south,0.03%,female_south,95.61%
4031.amr,male_south,30.33%,male_north,59.77%
4044.wav,male_south,2.24%,male_central,97.52%
4046.mp3,male_south,0.26%,male_north,99.16%
4047.amr,male_south,44.83%,male_north,52.09%
4056.mp3,male_south,0.01%,female_south,99.91%
4063.amr,male_south,30.83%,male_north,68.07%
4071.wav,male_south,4.34%,male_central,94.67%
4080.mp3,male_south,11.23%,male_north,83.34%
4086.mp3,male_south,0.60%,male_north,96.04%
4087.amr,male_south,0.30%,male_central,99.60%
4095.amr,male_south,0.09%,male_central,99.71%
4103.wav,male_south,2.94%,male_central,96.68%
4106.amr,male_south,0.56%,male_central,99.31%
4115.wav,male_south,21.85%,male_central,77.74%
4122.wav,male_south,0.04%,female_south,99.76%
4136.mp3,male_south,0.42%,male_north,98.30%
4146.wav,male_south,2.27%,male_central,89.27%
4148.wav,male_south,1.27%,male_central,98.53%
4149.wav,male_south,0.19%,male_central,99.61%
4151.wav,male_south,0.18%,male_central,99.68%
4157.wav,male_south,0.89%,male_central,98.96%
4163.mp3,male_south,0.71%,male_north,99.02%
4168.wav,male_south,9.50%,male_central,89.47%
4178.mp3,male_south,0.39%,male_north,97.85%
4184.wav,male_south,1.95%,male_central,96.84%
4185.amr,male_south,48.40%,male_north,50.64%
4187.mp3,male_south,15.78%,male_north,83.08%
4189.amr,male_south,0.03%,male_central,99.94%
4192.mp3,male_south,6.19%,female_north,59.63%
4211.amr,male_south,1.88%,male_central,97.80%
4219.mp3,male_south,1.20%,male_north,96.67%
4223.amr,male_south,2.62%,male_central,89.39%
4227.amr,male_south,10.28%,male_north,87.56%
4232.amr,male_south,24.83%,male_north,73.91%
4233.mp3,male_south,0.06%,male_north,99.25%
4251.wav,male_south,6.25%,male_central,93.44%
4253.mp3,male_south,0.17%,female_south,97.51%
4257.mp3,male_south,9.13%,male_north,89.20%
4263.amr,male_south,0.10%,male_central,99.88%
4264.amr,male_south,9.00%,male_central,90.20%
4269.amr,male_south,2.48%,male_north,96.93%
4273.wav,male_south,3.94%,male_central,95.36%
4276.wav,male_south,10.00%,male_central,89.27%
4278.amr,male_south,5.03%,male_central,94.75%
4279.wav,male_south,6.91%,male_central,81.53%
4281.wav,male_south,11.34%,male_central,88.50%
4292.amr,male_south,3.42%,male_central,96.35%
4297.wav,male_south,3.43%,male_north,96.21%
4305.wav,male_south,0.22%,male_central,99.46%
4315.wav,male_south,0.26%,male_central,99.66%
4332.wav,male_south,0.02%,male_central,99.70%
4334.amr,male_south,0.08%,male_central,99.75%
4336.wav,male_south,1.14%,male_central,98.63%
4347.wav,male_south,45.85%,male_central,53.15%
4364.wav,male_south,0.04%,male_central,99.84%
4374.amr,male_south,15.09%,male_north,76.79%
4377.amr,male_south,3.87%,male_north,95.88%
4381.mp3,male_south,7.29%,male_north,91.03%
4385.mp3,male_south,15.51%,male_north,83.82%
4387.mp3,male_south,0.25%,male_north,99.53%
4391.amr,male_south,35.21%,male_north,63.07%
4411.amr,male_south,0.51%,male_central,99.36%
4415.mp3,male_south,0.11%,male_north,99.79%
4425.wav,male_south,1.07%,male_central,98.32%
4432.wav,male_south,39.24%,male_central,59.55%
4433.amr,male_south,38.73%,male_central,58.24%
4435.wav,male_south,0.17%,female_south,97.63%
4449.amr,male_south,0.09%,male_central,99.80%
4455.wav,male_south,0.13%,female_south,99.62%
4456.amr,male_south,12.30%,male_central,84.98%
4464.amr,male_south,14.10%,male_central,85.16%
4475.mp3,male_south,21.19%,male_north,70.95%
4485.wav,male_south,1.48%,male_central,72.63%
4493.amr,male_south,0.51%,male_central,99.41%
4500.amr,male_south,19.11%,male_central,79.85%
4513.mp3,male_south,1.78%,female_south,78.17%
4517.wav,male_south,5.25%,male_central,93.90%
4519.amr,male_south,19.73%,male_central,79.49%
4525.wav,male_south,2.13%,male_north,55.39%
4526.amr,male_south,1.34%,male_north,94.37%
4528.amr,male_south,11.45%,male_north,84.66%
4546.amr,male_south,0.07%,male_central,99.88%
4563.mp3,male_south,27.51%,male_central,66.09%
4575.wav,male_south,0.05%,male_central,99.87%
4591.mp3,male_south,1.19%,male_north,98.23%
4594.amr,male_south,0.02%,male_central,99.97%
4595.wav,male_south,0.68%,male_central,98.86%
4598.mp3,male_south,0.44%,male_north,98.58%
4600.amr,male_south,0.09%,male_central,99.89%
4604.amr,male_south,2.35%,male_north,96.10%
4607.wav,male_south,2.11%,male_central,83.79%
4608.amr,male_south,32.52%,male_north,66.50%
4614.wav,male_south,3.10%,male_central,96.52%
4617.mp3,male_south,0.51%,female_south,86.43%
4625.mp3,male_south,0.50%,male_north,99.19%
4628.amr,male_south,9.29%,male_central,90.51%
4633.amr,male_south,0.07%,male_central,99.89%
4636.amr,male_south,2.29%,male_central,97.42%
4647.wav,male_south,5.49%,female_central,53.69%
4676.mp3,male_south,0.32%,male_north,98.47%
4681.mp3,male_south,0.22%,male_north,99.69%
4683.amr,male_south,0.08%,male_central,99.86%
4685.wav,male_south,1.86%,male_central,97.86%
4698.wav,male_south,1.65%,male_central,98.01%
4699.amr,male_south,32.41%,male_north,66.76%
4706.mp3,male_south,18.28%,male_north,79.22%
4731.wav,male_south,3.33%,male_central,96.10%
4733.wav,male_south,27.30%,male_central,62.45%
4737.amr,male_south,4.78%,male_north,88.29%
4740.wav,male_south,0.07%,male_central,99.88%
4746.mp3,male_south,42.75%,male_north,55.00%
4756.amr,male_south,39.82%,male_north,56.80%
4759.amr,male_south,22.01%,male_central,77.29%
4762.wav,male_south,1.72%,male_central,98.02%
4769.amr,male_south,0.40%,male_central,99.43%
4770.amr,male_south,41.95%,male_north,55.76%
4775.wav,male_south,0.50%,male_north,99.36%
4790.amr,male_south,2.64%,male_north,96.44%
4791.wav,male_south,0.01%,male_central,99.95%
4810.wav,male_south,9.26%,male_central,90.13%
4821.wav,male_south,0.36%,male_central,99.49%
4828.wav,male_south,40.81%,male_central,58.14%
4834.amr,male_south,9.17%,male_north,90.48%
4843.wav,male_south,0.08%,male_central,99.85%
4844.mp3,male_south,16.66%,male_north,82.20%
4846.wav,male_south,0.46%,male_central,99.35%
4858.wav,male_south,0.42%,male_north,99.40%
4862.wav,male_south,35.31%,male_central,64.25%
4863.mp3,male_south,29.73%,male_central,57.14%
4869.amr,male_south,0.24%,male_central,99.71%
4870.amr,male_south,8.17%,male_north,85.98%
4871.wav,male_south,0.64%,male_central,99.16%
4887.mp3,male_south,0.19%,female_south,87.07%
4889.wav,male_south,9.00%,male_north,90.66%
4890.wav,male_south,1.24%,male_central,98.60%
4891.amr,male_south,0.03%,male_central,99.94%
4901.wav,male_south,1.09%,male_central,98.24%
4904.amr,male_south,30.49%,male_north,68.53%
4911.mp3,male_south,0.05%,male_north,99.81%
4915.amr,male_south,42.07%,male_north,48.45%
4916.wav,male_south,27.52%,male_central,70.53%
4927.amr,male_south,0.02%,male_central,99.95%
4931.mp3,male_south,0.18%,male_north,99.69%
4933.mp3,male_south,0.59%,male_north,99.06%
4934.amr,male_south,19.61%,male_north,78.73%
4939.wav,male_south,2.32%,male_central,93.82%
4940.amr,male_south,0.04%,male_central,99.92%
4953.mp3,male_south,25.02%,male_north,71.49%
4955.wav,male_south,5.24%,male_central,79.82%
4956.wav,male_south,41.05%,male_central,58.33%
4971.amr,male_south,1.00%,male_central,98.92%
4983.amr,male_south,5.70%,male_central,92.18%
4985.mp3,male_south,2.53%,male_north,96.79%
4986.wav,male_south,1.60%,male_central,98.12%
5000.mp3,male_south,0.03%,female_south,99.90%
5001.mp3,male_south,0.15%,female_south,92.55%
5002.amr,male_south,33.39%,male_north,64.65%
5004.wav,male_south,0.78%,male_central,95.75%
5005.wav,male_south,33.01%,male_central,65.84%
5016.wav,male_south,1.68%,male_north,97.00%
5019.amr,male_south,24.32%,male_north,74.63%
5023.mp3,male_south,2.63%,male_north,96.26%
5027.wav,male_south,8.01%,male_north,91.06%
5030.wav,male_south,4.05%,male_central,95.60%
5035.wav,male_south,0.01%,male_central,99.87%
5042.wav,male_south,5.40%,male_central,92.79%
5044.wav,male_south,33.09%,male_central,65.54%
5084.wav,male_south,0.08%,male_north,99.73%
5097.wav,male_south,7.39%,male_central,79.46%
5100.wav,male_south,34.98%,male_central,42.91%
5106.wav,male_south,32.91%,male_north,49.62%
5109.wav,male_south,40.05%,male_central,58.85%
5114.wav,male_south,13.12%,male_central,85.22%
5124.wav,male_south,6.42%,female_central,84.41%
5137.wav,male_south,3.50%,male_central,96.23%
5138.wav,male_south,1.08%,male_central,98.63%
5139.wav,male_south,9.77%,male_central,88.33%
5164.wav,male_south,47.24%,male_central,52.30%
5185.wav,male_south,43.95%,male_north,55.17%
5187.wav,male_south,10.48%,male_central,88.78%
5188.wav,male_south,18.16%,male_central,81.12%
5204.wav,male_south,1.54%,male_central,96.97%
5206.wav,male_south,0.18%,male_central,99.57%
5221.wav,male_south,1.71%,male_north,94.57%
5235.wav,male_south,43.34%,male_central,55.92%
5239.wav,male_south,43.98%,male_central,51.24%
5256.wav,male_south,29.78%,male_central,37.13%
5257.wav,male_south,1.75%,male_north,97.08%
5259.wav,male_south,24.17%,male_central,69.87%
5270.wav,male_south,30.40%,male_central,67.41%
5273.wav,male_south,3.02%,male_north,96.72%
5276.wav,male_south,0.16%,male_north,99.14%
5295.wav,male_south,24.36%,male_central,74.90%
5303.wav,male_south,0.38%,male_central,99.44%
5304.wav,male_south,23.12%,male_central,75.76%
5305.wav,male_south,1.46%,male_central,98.32%
5352.wav,male_south,2.51%,male_central,41.02%
5353.wav,male_south,1.46%,male_north,95.43%
5361.wav,male_south,6.40%,female_south,74.00%
5363.wav,male_south,30.41%,male_central,68.71%
5367.wav,male_south,2.43%,male_north,96.70%
5370.wav,male_south,35.08%,male_north,64.22%
5372.wav,male_south,0.23%,male_central,85.66%
5375.wav,male_south,0.30%,male_central,97.06%
5376.wav,male_south,3.81%,male_central,95.47%
5404.wav,male_south,47.45%,female_south,49.00%
5420.wav,male_south,13.10%,male_north,85.95%
5422.wav,male_south,12.27%,male_north,87.44%
5443.wav,male_south,25.00%,male_north,74.02%
5448.wav,male_south,36.53%,male_central,44.23%
5462.wav,male_south,3.30%,male_central,94.75%
5464.wav,male_south,0.71%,male_central,98.84%
5472.wav,male_south,41.10%,male_north,57.25%
5481.wav,male_south,34.31%,male_central,65.23%
5504.wav,male_south,0.73%,male_central,99.15%
5553.wav,male_south,42.80%,male_central,56.70%
5554.wav,male_south,2.06%,male_central,97.60%
5555.wav,male_south,15.76%,male_central,83.52%
5558.wav,male_south,2.19%,male_central,97.54%
